8.791074133794026801e-01,1.354380495279326624e+01,-7.155059372123956152e+00
1.316153680856744446e+00,1.838324052013904719e+01,-8.129055373544805008e+00
8.974430218013013771e+00,2.940743149232677567e+01,7.678707259981943700e+00
1.654511904640614972e+01,4.403075602651337306e+01,9.606444209711041182e+00
1.011515346266472193e+01,1.290707789872441857e+01,-1.562139850392386009e+00
1.775103925948541717e+00,-7.253630080310212724e-01,1.167675624860357031e+00
3.782299326667138217e+01,3.910823946060693856e+01,2.911472812499892537e+00
4.146338624418654462e+01,3.634756027832295189e+01,2.810572592056973296e+00
2.364939167091762684e+01,4.940950505343745647e+01,2.280289242014220452e+00
2.329067216124063933e+01,4.081347704513687802e+01,5.204509385008380562e+00
8.560055083183973679e+00,-4.028836704822317927e+01,-1.015723852401294636e+01
3.280841153472665894e+01,7.816499125069740650e+00,-1.037001573895757289e+01
4.530926668842012894e+00,5.549305747975745717e+00,-1.213326488721581065e+01
-6.487056937367984943e+00,-1.092615564908300918e+01,-1.457851786332196831e+01
2.460987146284150739e+01,1.052886151036279649e+01,-8.871911453442482554e+00
3.365138897719061362e+01,1.310728726389517718e+01,-8.424988514881270874e+00
1.130989581993289583e+01,1.117336508920409344e+01,5.274267056396726439e+00
2.159420979914591499e+01,1.720178990269822350e+00,1.399122442489205476e+01
1.384397844197587268e+01,2.339420464617067097e+01,1.339820708535904537e+01
1.913337234532481546e+01,6.340745605907842197e+00,6.505105535994681887e+00
2.693469807626035362e+01,3.278954308601603884e+01,9.906595142121455311e+00
2.630206343208503483e+01,1.668862652704373417e+01,1.372610181151516962e+01
1.891394126525682395e+01,-5.376720777237056659e+00,-7.445350850596072156e+00
1.932730409862572074e+01,-1.537058387141302607e+00,-9.305977616117759865e+00
1.162101846844192465e+01,5.876455586666078368e+00,-3.396049956277936488e+00
1.371945720841106287e+01,2.088881158110673653e+01,9.414512530478631902e+00
3.142458377258894586e+01,2.194776380412122752e+00,-8.609103490939416403e+00
2.829909073283480581e+01,-1.832875332091520759e+00,-1.414802212369277790e+01
2.393894094412664231e+01,1.273451989951823293e+01,1.125129719085673763e+01
-3.067655042687702860e+01,-4.064756271767100415e+00,9.538635283745321658e+00
-2.821246214601755042e+01,-3.911554463613998056e+00,9.521023963196221018e+00
-2.130476313787496423e+01,-1.355309367832342282e+01,-3.413709518063340997e+00
-2.084176327712819088e+01,-1.479044536890928008e+01,-2.663949827462464004e+00
6.912985914805545029e-01,-6.587375159029231320e+00,-4.507208962523110429e+00
-8.389718162603980289e+00,-2.472810092280720440e+01,-8.206244937459334921e+00
-3.068880270159059265e+01,-6.871686708280762446e+00,-1.008079250049508602e+00
-2.832290275058702989e+01,-2.426433557567960531e+00,9.806608665979885675e-01
-3.658161148964774956e+00,6.236453857292579173e+00,-3.999432528349482929e+00
-1.078842784730985649e+01,5.914657387047546955e+00,7.235858959188010697e-01
-2.512325001228873944e+01,-1.057241486659961005e+01,5.690637581848843496e+00
-2.498568344200058178e+01,-9.082172522060812270e+00,3.170763314365665053e+00
-3.644837276206810373e+01,-1.277153321045796552e+01,8.882588514333771279e-01
-3.141626034214389307e+01,-9.584143533081434185e+00,5.500375149506115946e+00
-1.789486735764944214e+01,-1.953814162138468902e+01,2.593080223691717645e+00
-7.852407120431352361e+00,-1.301167628745832028e+00,1.676244296786753241e+00
-5.145864520955652388e+00,-1.736745718641325453e+01,-3.245518394264362616e+00
-2.036388169500898737e+00,-1.957975608706015791e+01,-3.048187899282255309e-01
7.948182776838005559e+00,1.154264004059086623e+01,1.881420425070053470e+00
1.721387167942098984e+01,1.776672526229561910e+01,4.617458561789734794e+00
-1.781434780157179709e+00,9.762764751413866904e+00,-2.727897587867039952e+00
-4.979515779233190997e+00,-5.993754059403964440e+00,1.518259984502423610e+00
-1.846641567169692577e-01,-4.503868539658487435e+00,4.373845177958813335e-01
1.880372967955386665e+00,-7.612342252525226449e+00,4.623114432873346447e-01
-1.000072586909560357e+00,5.021779527518854813e+00,-3.547266578469711273e+00
2.796595774376692489e+00,1.330847417473895966e+01,-4.219618547435605826e+00
-2.741903328814093044e+01,-2.015285650356900859e+01,-1.610774238455619622e+00
3.616069863888368374e+00,-1.578212635941215858e+01,-6.015584893030610836e+00
-1.018338540605794540e+00,-1.353853444202612621e+01,-1.129783195244483451e+01
-1.654639077171886852e+00,-4.186446178157157583e+00,-4.368080629186127162e+00
7.132468687652159245e-01,-5.256347096322768309e+00,-2.958894255158913467e+00
1.240024207737001838e+01,2.162371218140076223e+01,-7.032002128252646145e+00
5.682333044666146193e+00,5.909031231486895130e+00,-5.830872152254846785e-01
-1.908680503276387164e+00,-6.532386164293304098e+00,2.621198340566408547e+00
-5.225985445015768782e+00,-1.736145248226702131e+00,-1.175793883022475583e+01
-7.381468854542173830e+00,-1.731014866469857028e+00,-9.001340622637851396e+00
-3.693139086386786563e+00,3.252845045568941629e+01,6.132296705567561901e+00
3.974858233445368150e+00,2.624458903247095520e+00,2.082069830765712126e+01
2.558302407068441475e+00,1.223548727146998338e+01,2.090423029207919825e+01
-3.400876833078699235e+01,-3.086601044794338833e+01,-6.103316411937395713e+00
-2.779570115466093583e+01,-5.528766385236965064e+00,-1.371197645193261927e+01
2.415680958673119960e+01,1.786281617999049942e+01,2.446127117703737142e+00
2.620751421946052773e+01,1.583981594843911189e+01,5.956192860381199772e+00
-3.254148994067112710e+01,-2.147689958177564407e+01,7.601218138732256102e-02
-2.323527062543276855e+01,2.453576737063801971e+00,-3.704011293582155862e+00
-3.742439552387256452e+00,-6.394091618193226623e+01,1.109294362522385313e+01
-4.027003782845272184e+01,-4.873120158650655043e+01,5.756500175864490837e-02
-9.738690043033966515e-02,-4.009524809957067504e+01,-3.245006547992739243e+00
-2.419711960025814435e+01,-2.583854702298679840e+01,9.688022245077451133e-01
-3.187983812075766821e+01,-4.288131299840929245e+01,5.552928517678102693e+00
-3.190569089819077320e+01,-3.158362067497917280e+01,2.564208569651006187e+00
